query_id	doc_id	score	rank
q0001	1		1
q0001	4		2
q0001	31		3
q0002	1		1
q0002	4		2
q0002	31		3
q0003	1		1
q0003	4		2
q0003	3		3
q0004	1		1
q0004	4		2
q0004	31		3
q0005	1		1
q0005	4		2
q0005	31		3
q0008	2		1
q0008	13		2
q0008	12		3
q0009	2		1
q0009	13		2
q0009	11		3
q0010	3		1
q0010	26		2
q0010	2		3
q0011	2		1
q0011	3		2
q0011	4		3
q0012	2		1
q0012	13		2
q0012	3		3
q0015	3		1
q0015	16		2
q0015	18		3
q0016	3		1
q0016	18		2
q0016	15		3
q0017	3		1
q0017	26		2
q0017	27		3
q0018	3		1
q0018	16		2
q0018	19		3
q0019	3		1
q0019	18		2
q0019	15		3
q0022	4		1
q0022	5		2
q0022	9		3
q0023	4		1
q0023	5		2
q0023	1		3
q0024	4		1
q0024	3		2
q0024	5		3
q0025	4		1
q0025	5		2
q0025	9		3
q0026	4		1
q0026	1		2
q0026	9		3
q0029	31		1
q0029	5		2
q0029	10		3
q0030	10		1
q0030	31		2
q0030	5		3
q0031	3		1
q0031	26		2
q0031	5		3
q0032	5		1
q0032	3		2
q0032	1		3
q0033	5		1
q0033	10		2
q0033	31		3
q0036	6		1
q0036	31		2
q0036	10		3
q0037	10		1
q0037	31		2
q0037	6		3
q0038	3		1
q0038	26		2
q0038	6		3
q0039	6		1
q0039	3		2
q0039	2		3
q0040	6		1
q0040	10		2
q0040	31		3
q0043	7		1
q0043	31		2
q0043	10		3
q0044	7		1
q0044	10		2
q0044	31		3
q0045	7		1
q0045	3		2
q0045	26		3
q0046	7		1
q0046	3		2
q0046	2		3
q0047	7		1
q0047	10		2
q0047	31		3
q0050	7		1
q0050	8		2
q0050	31		3
q0051	10		1
q0051	31		2
q0051	7		3
q0052	3		1
q0052	26		2
q0052	7		3
q0053	7		1
q0053	8		2
q0053	3		3
q0054	10		1
q0054	31		2
q0054	9		3
q0057	9		1
q0057	31		2
q0057	10		3
q0058	9		1
q0058	10		2
q0058	31		3
q0059	9		1
q0059	3		2
q0059	26		3
q0060	9		1
q0060	3		2
q0060	2		3
q0061	9		1
q0061	10		2
q0061	31		3
q0064	10		1
q0064	31		2
q0064	4		3
q0065	10		1
q0065	31		2
q0065	4		3
q0066	10		1
q0066	31		2
q0066	3		3
q0067	10		1
q0067	31		2
q0067	21		3
q0068	10		1
q0068	31		2
q0068	9		3
q0071	11		1
q0071	13		2
q0071	2		3
q0072	11		1
q0072	13		2
q0072	2		3
q0073	11		1
q0073	3		2
q0073	26		3
q0074	11		1
q0074	3		2
q0074	1		3
q0075	11		1
q0075	13		2
q0075	3		3
q0078	12		1
q0078	13		2
q0078	2		3
q0079	12		1
q0079	13		2
q0079	2		3
q0080	12		1
q0080	3		2
q0080	26		3
q0081	12		1
q0081	13		2
q0081	3		3
q0082	12		1
q0082	13		2
q0082	3		3
q0085	13		1
q0085	12		2
q0085	2		3
q0086	13		1
q0086	12		2
q0086	2		3
q0087	13		1
q0087	12		2
q0087	3		3
q0088	13		1
q0088	12		2
q0088	3		3
q0089	13		1
q0089	12		2
q0089	3		3
q0092	14		1
q0092	13		2
q0092	20		3
q0093	14		1
q0093	13		2
q0093	2		3
q0094	14		1
q0094	3		2
q0094	26		3
q0095	14		1
q0095	3		2
q0095	20		3
q0096	14		1
q0096	13		2
q0096	3		3
q0099	15		1
q0099	18		2
q0099	3		3
q0100	18		1
q0100	15		2
q0100	3		3
q0101	3		1
q0101	26		2
q0101	15		3
q0102	15		1
q0102	3		2
q0102	1		3
q0103	18		1
q0103	15		2
q0103	3		3
q0106	16		1
q0106	3		2
q0106	18		3
q0107	18		1
q0107	16		2
q0107	3		3
q0108	3		1
q0108	16		2
q0108	26		3
q0109	3		1
q0109	16		2
q0109	19		3
q0110	18		1
q0110	16		2
q0110	3		3
q0113	18		1
q0113	17		2
q0113	15		3
q0114	18		1
q0114	17		2
q0114	3		3
q0115	3		1
q0115	26		2
q0115	17		3
q0116	17		1
q0116	3		2
q0116	2		3
q0117	18		1
q0117	3		2
q0117	17		3
q0120	18		1
q0120	17		2
q0120	15		3
q0121	18		1
q0121	3		2
q0121	15		3
q0122	18		1
q0122	3		2
q0122	26		3
q0123	18		1
q0123	3		2
q0123	17		3
q0124	18		1
q0124	3		2
q0124	15		3
q0127	19		1
q0127	20		2
q0127	22		3
q0128	19		1
q0128	20		2
q0128	22		3
q0129	19		1
q0129	20		2
q0129	22		3
q0130	19		1
q0130	20		2
q0130	3		3
q0131	20		1
q0131	19		2
q0131	22		3
q0134	20		1
q0134	19		2
q0134	22		3
q0135	20		1
q0135	19		2
q0135	22		3
q0136	20		1
q0136	19		2
q0136	22		3
q0137	20		1
q0137	19		2
q0137	22		3
q0138	20		1
q0138	19		2
q0138	22		3
q0141	21		1
q0141	20		2
q0141	19		3
q0142	21		1
q0142	20		2
q0142	19		3
q0143	21		1
q0143	3		2
q0143	26		3
q0144	21		1
q0144	10		2
q0144	27		3
q0145	21		1
q0145	20		2
q0145	19		3
q0148	22		1
q0148	20		2
q0148	19		3
q0149	22		1
q0149	20		2
q0149	19		3
q0150	22		1
q0150	3		2
q0150	26		3
q0151	22		1
q0151	3		2
q0151	14		3
q0152	22		1
q0152	20		2
q0152	19		3
q0155	23		1
q0155	25		2
q0155	24		3
q0156	23		1
q0156	25		2
q0156	24		3
q0157	23		1
q0157	25		2
q0157	3		3
q0158	23		1
q0158	25		2
q0158	3		3
q0159	23		1
q0159	25		2
q0159	24		3
q0162	24		1
q0162	23		2
q0162	25		3
q0163	24		1
q0163	23		2
q0163	25		3
q0164	24		1
q0164	3		2
q0164	26		3
q0165	24		1
q0165	3		2
q0165	2		3
q0166	24		1
q0166	23		2
q0166	25		3
q0169	25		1
q0169	14		2
q0169	20		3
q0170	25		1
q0170	23		2
q0170	24		3
q0171	25		1
q0171	3		2
q0171	26		3
q0172	25		1
q0172	3		2
q0172	14		3
q0173	25		1
q0173	23		2
q0173	24		3
q0174	25		1
q0176	26		1
q0176	27		2
q0176	28		3
q0177	26		1
q0177	27		2
q0177	28		3
q0178	26		1
q0178	3		2
q0178	27		3
q0179	26		1
q0179	3		2
q0179	14		3
q0180	26		1
q0180	27		2
q0180	28		3
q0183	27		1
q0183	28		2
q0183	26		3
q0184	27		1
q0184	26		2
q0184	28		3
q0185	27		1
q0185	3		2
q0185	26		3
q0186	27		1
q0186	29		2
q0186	30		3
q0187	27		1
q0187	28		2
q0187	26		3
q0190	28		1
q0190	27		2
q0190	26		3
q0191	28		1
q0191	26		2
q0191	27		3
q0192	28		1
q0192	3		2
q0192	26		3
q0193	28		1
q0193	3		2
q0193	29		3
q0194	28		1
q0194	27		2
q0194	26		3
q0197	29		1
q0197	27		2
q0197	5		3
q0198	29		1
q0198	27		2
q0198	30		3
q0199	29		1
q0199	3		2
q0199	26		3
q0200	29		1
q0200	3		2
q0200	28		3
q0201	29		1
q0201	27		2
q0201	9		3
q0204	30		1
q0204	27		2
q0204	5		3
q0205	30		1
q0205	27		2
q0205	29		3
q0206	30		1
q0206	3		2
q0206	26		3
q0207	30		1
q0207	23		2
q0207	3		3
q0208	30		1
q0208	27		2
q0208	23		3
q0211	31		1
q0211	4		2
q0211	1		3
q0212	31		1
q0212	4		2
q0212	10		3
q0213	31		1
q0213	4		2
q0213	10		3
q0214	31		1
q0214	4		2
q0214	1		3
q0215	4		1
q0215	31		2
q0215	1		3
q0218	32		1
q0218	4		2
q0218	6		3
q0219	32		1
q0219	1		2
q0219	4		3
q0220	32		1
q0220	3		2
q0220	26		3
q0221	32		1
q0221	3		2
q0221	2		3
q0222	32		1
q0222	9		2
q0222	1		3
